Metric,Mean,Std
Avg Time per Food (s),5.395281913734618,1.689436215718036
Time to All Food (s),37.44046268463135,12.269978535945832
Total Reward,18567.738924177498,2067.5442633552457
